gaze_child,Time
2,0.0
2,0.1
2,0.2
2,0.3
2,0.4
2,0.5
2,0.6
2,0.7
2,0.8
2,0.9
2,1.0
2,1.1
2,1.2
1,1.3
1,1.4
1,1.5
1,1.6
1,1.7
1,1.8
1,1.9
1,2.0
1,2.1
1,2.2
1,2.3
1,2.4
1,2.5
1,2.6
1,2.7
2,2.8
2,2.9
2,3.0
2,3.1
2,3.2
2,3.3
2,3.4
2,3.5
2,3.6
2,3.7
2,3.8
2,3.9
2,4.0
2,4.1
1,4.2
1,4.3
1,4.4
1,4.5
1,4.6
1,4.7
1,4.8
1,4.9
1,5.0
1,5.1
1,5.2
1,5.3
1,5.4
1,5.5
1,5.6
1,5.7
1,5.8
1,5.9
1,6.0
1,6.1
1,6.2
1,6.3
1,6.4
1,6.5
1,6.6
1,6.7
1,6.8
1,6.9
1,7.0
1,7.1
1,7.2
1,7.3
1,7.4
1,7.5
1,7.6
1,7.7
1,7.8
1,7.9
1,8.0
1,8.1
1,8.2
1,8.3
1,8.4
1,8.5
1,8.6
1,8.7
1,8.8
1,8.9
1,9.0
1,9.1
1,9.2
1,9.3
1,9.4
1,9.5
1,9.6
1,9.7
1,9.8
1,9.9
1,10.0
1,10.1
1,10.2
1,10.3
1,10.4
1,10.5
1,10.6
1,10.7
1,10.8
1,10.9
1,11.0
1,11.1
1,11.2
1,11.3
1,11.4
1,11.5
1,11.6
1,11.7
1,11.8
1,11.9
1,12.0
1,12.1
1,12.2
1,12.3
1,12.4
1,12.5
1,12.6
1,12.7
1,12.8
1,12.9
1,13.0
1,13.1
1,13.2
1,13.3
1,13.4
1,13.5
1,13.6
1,13.7
1,13.8
1,13.9
1,14.0
1,14.1
1,14.2
1,14.3
1,14.4
1,14.5
1,14.6
1,14.7
1,14.8
1,14.9
1,15.0
1,15.1
1,15.2
1,15.3
1,15.4
1,15.5
1,15.6
1,15.7
1,15.8
1,15.9
1,16.0
1,16.1
1,16.2
1,16.3
1,16.4
1,16.5
1,16.6
1,16.7
1,16.8
1,16.9
1,17.0
1,17.1
1,17.2
2,17.3
2,17.4
2,17.5
2,17.6
2,17.7
2,17.8
2,17.9
2,18.0
2,18.1
2,18.2
2,18.3
2,18.4
2,18.5
2,18.6
1,18.7
1,18.8
1,18.9
1,19.0
1,19.1
1,19.2
1,19.3
1,19.4
1,19.5
1,19.6
2,19.7
2,19.8
2,19.9
2,20.0
2,20.1
2,20.2
2,20.3
2,20.4
2,20.5
2,20.6
1,20.7
1,20.8
1,20.9
1,21.0
1,21.1
1,21.2
1,21.3
1,21.4
1,21.5
1,21.6
3,21.7
3,21.8
1,21.9
1,22.0
1,22.1
1,22.2
1,22.3
1,22.4
1,22.5
1,22.6
1,22.7
1,22.8
1,22.9
1,23.0
1,23.1
1,23.2
1,23.3
1,23.4
1,23.5
1,23.6
1,23.7
1,23.8
1,23.9
1,24.0
4,24.1
4,24.2
4,24.3
4,24.4
2,24.5
2,24.6
2,24.7
2,24.8
1,24.9
1,25.0
2,25.1
2,25.2
2,25.3
2,25.4
2,25.5
2,25.6
2,25.7
2,25.8
1,25.9
1,26.0
1,26.1
1,26.2
1,26.3
1,26.4
1,26.5
1,26.6
1,26.7
1,26.8
1,26.9
1,27.0
1,27.1
1,27.2
1,27.3
1,27.4
1,27.5
1,27.6
1,27.7
1,27.8
1,27.9
1,28.0
1,28.1
1,28.2
1,28.3
1,28.4
1,28.5
1,28.6
1,28.7
1,28.8
1,28.9
1,29.0
1,29.1
1,29.2
1,29.3
1,29.4
2,29.5
2,29.6
2,29.7
2,29.8
2,29.9
2,30.0
1,30.1
1,30.2
1,30.3
1,30.4
1,30.5
1,30.6
1,30.7
1,30.8
2,30.9
2,31.0
2,31.1
2,31.2
2,31.3
2,31.4
1,31.5
1,31.6
1,31.7
1,31.8
1,31.9
1,32.0
1,32.1
1,32.2
1,32.3
1,32.4
1,32.5
1,32.6
2,32.7
2,32.8
2,32.9
2,33.0
2,33.1
2,33.2
2,33.3
2,33.4
2,33.5
2,33.6
2,33.7
2,33.8
2,33.9
2,34.0
2,34.1
2,34.2
2,34.3
2,34.4
1,34.5
1,34.6
1,34.7
1,34.8
1,34.9
2,35.0
2,35.1
2,35.2
2,35.3
2,35.4
2,35.5
2,35.6
2,35.7
2,35.8
2,35.9
2,36.0
2,36.1
2,36.2
2,36.3
2,36.4
2,36.5
2,36.6
2,36.7
2,36.8
2,36.9
2,37.0
2,37.1
2,37.2
2,37.3
2,37.4
2,37.5
2,37.6
2,37.7
2,37.8
2,37.9
2,38.0
2,38.1
2,38.2
2,38.3
2,38.4
2,38.5
2,38.6
2,38.7
2,38.8
2,38.9
2,39.0
2,39.1
2,39.2
2,39.3
2,39.4
2,39.5
2,39.6
2,39.7
2,39.8
2,39.9
2,40.0
2,40.1
2,40.2
2,40.3
2,40.4
2,40.5
2,40.6
2,40.7
2,40.8
2,40.9
2,41.0
2,41.1
2,41.2
2,41.3
2,41.4
2,41.5
2,41.6
2,41.7
2,41.8
2,41.9
2,42.0
2,42.1
2,42.2
2,42.3
2,42.4
2,42.5
2,42.6
2,42.7
2,42.8
2,42.9
2,43.0
2,43.1
2,43.2
2,43.3
2,43.4
2,43.5
2,43.6
2,43.7
2,43.8
2,43.9
2,44.0
2,44.1
2,44.2
2,44.3
2,44.4
2,44.5
12,44.6
12,44.7
12,44.8
12,44.9
12,45.0
2,45.1
2,45.2
2,45.3
2,45.4
2,45.5
2,45.6
2,45.7
2,45.8
2,45.9
2,46.0
1,46.1
1,46.2
1,46.3
1,46.4
1,46.5
1,46.6
2,46.7
2,46.8
2,46.9
2,47.0
2,47.1
2,47.2
2,47.3
2,47.4
2,47.5
2,47.6
2,47.7
2,47.8
2,47.9
2,48.0
2,48.1
2,48.2
1,48.3
1,48.4
1,48.5
1,48.6
1,48.7
1,48.8
1,48.9
1,49.0
2,49.1
2,49.2
2,49.3
2,49.4
2,49.5
2,49.6
2,49.7
2,49.8
2,49.9
2,50.0
2,50.1
2,50.2
2,50.3
2,50.4
2,50.5
2,50.6
2,50.7
2,50.8
2,50.9
2,51.0
2,51.1
2,51.2
2,51.3
2,51.4
2,51.5
2,51.6
2,51.7
2,51.8
2,51.9
2,52.0
2,52.1
2,52.2
2,52.3
2,52.4
2,52.5
2,52.6
2,52.7
2,52.8
2,52.9
2,53.0
2,53.1
2,53.2
2,53.3
2,53.4
2,53.5
2,53.6
2,53.7
2,53.8
2,53.9
2,54.0
2,54.1
2,54.2
2,54.3
2,54.4
2,54.5
2,54.6
2,54.7
2,54.8
2,54.9
2,55.0
2,55.1
2,55.2
2,55.3
2,55.4
2,55.5
2,55.6
2,55.7
2,55.8
2,55.9
2,56.0
2,56.1
2,56.2
2,56.3
2,56.4
2,56.5
2,56.6
2,56.7
2,56.8
2,56.9
2,57.0
2,57.1
2,57.2
2,57.3
2,57.4
2,57.5
2,57.6
2,57.7
2,57.8
2,57.9
2,58.0
2,58.1
2,58.2
2,58.3
2,58.4
2,58.5
2,58.6
2,58.7
2,58.8
2,58.9
2,59.0
2,59.1
2,59.2
2,59.3
2,59.4
2,59.5
2,59.6
2,59.7
2,59.8
2,59.9
2,60.0
2,60.1
2,60.2
2,60.3
2,60.4
2,60.5
2,60.6
2,60.7
2,60.8
2,60.9
2,61.0
2,61.1
2,61.2
2,61.3
2,61.4
2,61.5
2,61.6
2,61.7
2,61.8
2,61.9
2,62.0
2,62.1
2,62.2
2,62.3
2,62.4
2,62.5
2,62.6
2,62.7
2,62.8
2,62.9
2,63.0
2,63.1
2,63.2
2,63.3
2,63.4
2,63.5
2,63.6
2,63.7
2,63.8
2,63.9
2,64.0
2,64.1
2,64.2
2,64.3
2,64.4
2,64.5
1,64.6
1,64.7
2,64.8
2,64.9
2,65.0
2,65.1
2,65.2
2,65.3
2,65.4
2,65.5
2,65.6
2,65.7
2,65.8
2,65.9
2,66.0
2,66.1
2,66.2
2,66.3
2,66.4
2,66.5
2,66.6
2,66.7
2,66.8
2,66.9
2,67.0
2,67.1
2,67.2
2,67.3
2,67.4
2,67.5
2,67.6
2,67.7
2,67.8
1,67.9
1,68.0
2,68.1
2,68.2
2,68.3
2,68.4
1,68.5
1,68.6
1,68.7
1,68.8
1,68.9
1,69.0
1,69.1
1,69.2
1,69.3
1,69.4
1,69.5
1,69.6
1,69.7
1,69.8
1,69.9
1,70.0
1,70.1
1,70.2
1,70.3
1,70.4
1,70.5
1,70.6
1,70.7
1,70.8
1,70.9
1,71.0
1,71.1
1,71.2
1,71.3
1,71.4
1,71.5
1,71.6
1,71.7
1,71.8
1,71.9
1,72.0
1,72.1
1,72.2
1,72.3
1,72.4
1,72.5
1,72.6
1,72.7
1,72.8
1,72.9
1,73.0
1,73.1
1,73.2
1,73.3
1,73.4
1,73.5
1,73.6
1,73.7
1,73.8
1,73.9
1,74.0
1,74.1
1,74.2
1,74.3
1,74.4
1,74.5
1,74.6
1,74.7
1,74.8
1,74.9
1,75.0
1,75.1
1,75.2
1,75.3
1,75.4
1,75.5
1,75.6
1,75.7
1,75.8
1,75.9
2,76.0
2,76.1
2,76.2
2,76.3
2,76.4
2,76.5
1,76.6
1,76.7
1,76.8
1,76.9
1,77.0
2,77.1
2,77.2
2,77.3
2,77.4
2,77.5
2,77.6
2,77.7
1,77.8
1,77.9
1,78.0
1,78.1
1,78.2
1,78.3
1,78.4
1,78.5
1,78.6
1,78.7
1,78.8
1,78.9
1,79.0
1,79.1
1,79.2
1,79.3
1,79.4
1,79.5
1,79.6
1,79.7
1,79.8
1,79.9
1,80.0
1,80.1
1,80.2
1,80.3
1,80.4
1,80.5
1,80.6
1,80.7
1,80.8
1,80.9
1,81.0
1,81.1
1,81.2
1,81.3
1,81.4
1,81.5
1,81.6
1,81.7
1,81.8
1,81.9
1,82.0
1,82.1
1,82.2
1,82.3
1,82.4
1,82.5
1,82.6
1,82.7
1,82.8
1,82.9
1,83.0
2,83.1
2,83.2
2,83.3
2,83.4
2,83.5
1,83.6
1,83.7
1,83.8
1,83.9
1,84.0
1,84.1
1,84.2
1,84.3
1,84.4
1,84.5
1,84.6
1,84.7
1,84.8
1,84.9
1,85.0
1,85.1
1,85.2
1,85.3
1,85.4
1,85.5
1,85.6
1,85.7
1,85.8
1,85.9
2,86.0
1,86.1
1,86.2
1,86.3
1,86.4
1,86.5
1,86.6
1,86.7
1,86.8
1,86.9
1,87.0
1,87.1
1,87.2
1,87.3
1,87.4
1,87.5
1,87.6
1,87.7
1,87.8
1,87.9
1,88.0
1,88.1
1,88.2
1,88.3
1,88.4
1,88.5
1,88.6
1,88.7
1,88.8
1,88.9
1,89.0
1,89.1
1,89.2
1,89.3
1,89.4
1,89.5
1,89.6
1,89.7
1,89.8
1,89.9
1,90.0
1,90.1
1,90.2
1,90.3
1,90.4
1,90.5
1,90.6
1,90.7
1,90.8
1,90.9
1,91.0
1,91.1
1,91.2
1,91.3
1,91.4
1,91.5
1,91.6
1,91.7
1,91.8
1,91.9
1,92.0
1,92.1
1,92.2
1,92.3
1,92.4
1,92.5
1,92.6
1,92.7
1,92.8
1,92.9
1,93.0
1,93.1
1,93.2
1,93.3
1,93.4
1,93.5
1,93.6
1,93.7
1,93.8
1,93.9
1,94.0
1,94.1
1,94.2
4,94.3
4,94.4
4,94.5
4,94.6
4,94.7
4,94.8
4,94.9
4,95.0
4,95.1
4,95.2
4,95.3
4,95.4
1,95.5
1,95.6
1,95.7
2,95.8
2,95.9
2,96.0
1,96.1
1,96.2
1,96.3
1,96.4
1,96.5
1,96.6
1,96.7
1,96.8
1,96.9
1,97.0
1,97.1
1,97.2
1,97.3
1,97.4
1,97.5
1,97.6
1,97.7
1,97.8
1,97.9
1,98.0
1,98.1
1,98.2
1,98.3
1,98.4
1,98.5
1,98.6
1,98.7
1,98.8
1,98.9
1,99.0
1,99.1
1,99.2
1,99.3
1,99.4
1,99.5
1,99.6
1,99.7
1,99.8
1,99.9
1,100.0
1,100.1
1,100.2
1,100.3
1,100.4
1,100.5
1,100.6
1,100.7
1,100.8
1,100.9
1,101.0
1,101.1
4,101.2
4,101.3
1,101.4
1,101.5
1,101.6
1,101.7
1,101.8
1,101.9
1,102.0
1,102.1
1,102.2
1,102.3
1,102.4
1,102.5
1,102.6
1,102.7
1,102.8
1,102.9
1,103.0
1,103.1
1,103.2
1,103.3
1,103.4
1,103.5
1,103.6
1,103.7
1,103.8
1,103.9
1,104.0
1,104.1
1,104.2
1,104.3
1,104.4
1,104.5
1,104.6
1,104.7
1,104.8
1,104.9
1,105.0
1,105.1
1,105.2
1,105.3
1,105.4
1,105.5
1,105.6
1,105.7
1,105.8
1,105.9
1,106.0
1,106.1
1,106.2
1,106.3
1,106.4
1,106.5
1,106.6
1,106.7
1,106.8
1,106.9
1,107.0
1,107.1
1,107.2
1,107.3
1,107.4
1,107.5
1,107.6
1,107.7
1,107.8
2,107.9
2,108.0
2,108.1
2,108.2
3,108.3
3,108.4
1,108.5
1,108.6
1,108.7
1,108.8
1,108.9
1,109.0
1,109.1
1,109.2
1,109.3
1,109.4
1,109.5
1,109.6
1,109.7
1,109.8
1,109.9
1,110.0
1,110.1
1,110.2
1,110.3
1,110.4
1,110.5
1,110.6
1,110.7
1,110.8
1,110.9
1,111.0
2,111.1
2,111.2
2,111.3
2,111.4
2,111.5
2,111.6
2,111.7
2,111.8
2,111.9
2,112.0
2,112.1
2,112.2
2,112.3
2,112.4
2,112.5
2,112.6
2,112.7
2,112.8
2,112.9
2,113.0
2,113.1
2,113.2
2,113.3
2,113.4
2,113.5
2,113.6
2,113.7
2,113.8
1,113.9
1,114.0
2,114.1
2,114.2
1,114.3
1,114.4
1,114.5
1,114.6
1,114.7
2,114.8
2,114.9
2,115.0
2,115.1
2,115.2
2,115.3
2,115.4
2,115.5
2,115.6
2,115.7
2,115.8
2,115.9
2,116.0
2,116.1
2,116.2
2,116.3
2,116.4
2,116.5
2,116.6
2,116.7
2,116.8
2,116.9
2,117.0
2,117.1
2,117.2
2,117.3
2,117.4
2,117.5
2,117.6
2,117.7
2,117.8
2,117.9
2,118.0
2,118.1
2,118.2
2,118.3
2,118.4
2,118.5
2,118.6
2,118.7
2,118.8
2,118.9
2,119.0
2,119.1
2,119.2
2,119.3
2,119.4
1,119.5
1,119.6
1,119.7
1,119.8
1,119.9
1,120.0
1,120.1
1,120.2
1,120.3
1,120.4
1,120.5
1,120.6
1,120.7
1,120.8
1,120.9
1,121.0
1,121.1
1,121.2
1,121.3
1,121.4
2,121.5
2,121.6
2,121.7
2,121.8
2,121.9
2,122.0
2,122.1
2,122.2
2,122.3
2,122.4
2,122.5
2,122.6
2,122.7
2,122.8
1,122.9
1,123.0
1,123.1
1,123.2
1,123.3
1,123.4
1,123.5
1,123.6
1,123.7
1,123.8
1,123.9
1,124.0
1,124.1
1,124.2
1,124.3
1,124.4
1,124.5
1,124.6
1,124.7
1,124.8
1,124.9
1,125.0
1,125.1
1,125.2
1,125.3
1,125.4
1,125.5
1,125.6
1,125.7
1,125.8
1,125.9
1,126.0
1,126.1
1,126.2
1,126.3
1,126.4
1,126.5
1,126.6
1,126.7
1,126.8
1,126.9
1,127.0
1,127.1
1,127.2
1,127.3
1,127.4
1,127.5
1,127.6
1,127.7
1,127.8
1,127.9
1,128.0
1,128.1
1,128.2
1,128.3
1,128.4
1,128.5
1,128.6
1,128.7
1,128.8
2,128.9
2,129.0
2,129.1
2,129.2
1,129.3
1,129.4
1,129.5
1,129.6
1,129.7
1,129.8
1,129.9
2,130.0
2,130.1
2,130.2
2,130.3
2,130.4
2,130.5
2,130.6
2,130.7
2,130.8
2,130.9
2,131.0
2,131.1
2,131.2
2,131.3
2,131.4
2,131.5
2,131.6
2,131.7
1,131.8
1,131.9
1,132.0
2,132.1
2,132.2
2,132.3
2,132.4
2,132.5
2,132.6
2,132.7
2,132.8
2,132.9
2,133.0
2,133.1
2,133.2
2,133.3
2,133.4
2,133.5
2,133.6
2,133.7
2,133.8
2,133.9
2,134.0
2,134.1
2,134.2
2,134.3
2,134.4
2,134.5
2,134.6
2,134.7
2,134.8
2,134.9
2,135.0
2,135.1
2,135.2
2,135.3
2,135.4
2,135.5
2,135.6
2,135.7
2,135.8
2,135.9
2,136.0
2,136.1
2,136.2
2,136.3
2,136.4
2,136.5
2,136.6
2,136.7
2,136.8
2,136.9
2,137.0
2,137.1
2,137.2
2,137.3
2,137.4
2,137.5
2,137.6
2,137.7
2,137.8
2,137.9
1,138.0
1,138.1
1,138.2
1,138.3
1,138.4
1,138.5
1,138.6
1,138.7
1,138.8
1,138.9
1,139.0
1,139.1
1,139.2
1,139.3
1,139.4
1,139.5
1,139.6
1,139.7
1,139.8
1,139.9
4,140.0
4,140.1
4,140.2
4,140.3
4,140.4
4,140.5
4,140.6
4,140.7
4,140.8
1,140.9
1,141.0
1,141.1
1,141.2
1,141.3
1,141.4
1,141.5
1,141.6
1,141.7
1,141.8
1,141.9
1,142.0
1,142.1
1,142.2
1,142.3
1,142.4
1,142.5
1,142.6
1,142.7
1,142.8
1,142.9
2,143.0
2,143.1
2,143.2
2,143.3
2,143.4
2,143.5
2,143.6
2,143.7
2,143.8
2,143.9
2,144.0
2,144.1
1,144.2
1,144.3
1,144.4
1,144.5
1,144.6
1,144.7
1,144.8
2,144.9
2,145.0
2,145.1
2,145.2
2,145.3
2,145.4
2,145.5
2,145.6
2,145.7
2,145.8
2,145.9
2,146.0
2,146.1
2,146.2
2,146.3
2,146.4
2,146.5
2,146.6
2,146.7
2,146.8
2,146.9
2,147.0
2,147.1
2,147.2
2,147.3
2,147.4
2,147.5
2,147.6
2,147.7
2,147.8
2,147.9
2,148.0
2,148.1
2,148.2
2,148.3
2,148.4
2,148.5
2,148.6
2,148.7
2,148.8
2,148.9
2,149.0
2,149.1
2,149.2
2,149.3
2,149.4
2,149.5
2,149.6
2,149.7
2,149.8
2,149.9
2,150.0
2,150.1
2,150.2
2,150.3
2,150.4
2,150.5
2,150.6
2,150.7
2,150.8
2,150.9
2,151.0
1,151.1
1,151.2
1,151.3
1,151.4
1,151.5
1,151.6
1,151.7
1,151.8
1,151.9
1,152.0
1,152.1
1,152.2
1,152.3
1,152.4
1,152.5
1,152.6
1,152.7
1,152.8
1,152.9
1,153.0
1,153.1
1,153.2
1,153.3
2,153.4
2,153.5
2,153.6
2,153.7
2,153.8
2,153.9
2,154.0
2,154.1
2,154.2
2,154.3
2,154.4
2,154.5
2,154.6
2,154.7
2,154.8
2,154.9
2,155.0
2,155.1
2,155.2
2,155.3
1,155.4
1,155.5
1,155.6
1,155.7
1,155.8
1,155.9
1,156.0
1,156.1
1,156.2
1,156.3
1,156.4
2,156.5
2,156.6
2,156.7
2,156.8
2,156.9
2,157.0
2,157.1
2,157.2
2,157.3
2,157.4
2,157.5
2,157.6
2,157.7
2,157.8
2,157.9
2,158.0
2,158.1
1,158.2
1,158.3
1,158.4
1,158.5
1,158.6
1,158.7
1,158.8
1,158.9
1,159.0
1,159.1
2,159.2
2,159.3
2,159.4
2,159.5
2,159.6
2,159.7
1,159.8
1,159.9
1,160.0
1,160.1
1,160.2
4,160.3
4,160.4
4,160.5
4,160.6
4,160.7
4,160.8
4,160.9
1,161.0
1,161.1
1,161.2
1,161.3
1,161.4
1,161.5
1,161.6
4,161.7
4,161.8
1,161.9
1,162.0
1,162.1
1,162.2
1,162.3
1,162.4
1,162.5
1,162.6
1,162.7
1,162.8
1,162.9
1,163.0
1,163.1
1,163.2
1,163.3
1,163.4
1,163.5
1,163.6
1,163.7
2,163.8
2,163.9
2,164.0
2,164.1
2,164.2
2,164.3
2,164.4
1,164.5
1,164.6
1,164.7
1,164.8
1,164.9
1,165.0
1,165.1
1,165.2
1,165.3
1,165.4
1,165.5
1,165.6
1,165.7
1,165.8
1,165.9
1,166.0
1,166.1
1,166.2
1,166.3
2,166.4
2,166.5
2,166.6
2,166.7
2,166.8
2,166.9
2,167.0
2,167.1
2,167.2
2,167.3
2,167.4
2,167.5
2,167.6
2,167.7
2,167.8
2,167.9
2,168.0
2,168.1
2,168.2
2,168.3
2,168.4
2,168.5
2,168.6
2,168.7
2,168.8
2,168.9
2,169.0
2,169.1
2,169.2
2,169.3
2,169.4
2,169.5
2,169.6
2,169.7
2,169.8
2,169.9
2,170.0
2,170.1
2,170.2
2,170.3
2,170.4
2,170.5
2,170.6
2,170.7
2,170.8
2,170.9
2,171.0
2,171.1
2,171.2
2,171.3
1,171.4
1,171.5
1,171.6
2,171.7
2,171.8
2,171.9
2,172.0
2,172.1
2,172.2
2,172.3
2,172.4
2,172.5
1,172.6
1,172.7
1,172.8
1,172.9
1,173.0
1,173.1
1,173.2
1,173.3
1,173.4
1,173.5
1,173.6
1,173.7
1,173.8
1,173.9
1,174.0
1,174.1
1,174.2
1,174.3
1,174.4
1,174.5
1,174.6
1,174.7
1,174.8
1,174.9
1,175.0
1,175.1
1,175.2
2,175.3
2,175.4
2,175.5
2,175.6
2,175.7
2,175.8
2,175.9
2,176.0
2,176.1
2,176.2
2,176.3
2,176.4
2,176.5
2,176.6
2,176.7
2,176.8
2,176.9
2,177.0
2,177.1
2,177.2
2,177.3
2,177.4
2,177.5
2,177.6
2,177.7
2,177.8
2,177.9
2,178.0
2,178.1
2,178.2
2,178.3
2,178.4
2,178.5
2,178.6
2,178.7
2,178.8
2,178.9
2,179.0
2,179.1
2,179.2
2,179.3
2,179.4
2,179.5
2,179.6
2,179.7
2,179.8
2,179.9
2,180.0
2,180.1
2,180.2
2,180.3
2,180.4
2,180.5
2,180.6
2,180.7
2,180.8
2,180.9
2,181.0
2,181.1
2,181.2
2,181.3
2,181.4
2,181.5
2,181.6
2,181.7
2,181.8
2,181.9
2,182.0
2,182.1
1,182.2
1,182.3
1,182.4
2,182.5
2,182.6
2,182.7
2,182.8
2,182.9
2,183.0
2,183.1
2,183.2
2,183.3
2,183.4
2,183.5
2,183.6
2,183.7
2,183.8
2,183.9
2,184.0
2,184.1
2,184.2
2,184.3
2,184.4
2,184.5
2,184.6
2,184.7
2,184.8
2,184.9
2,185.0
2,185.1
2,185.2
2,185.3
2,185.4
2,185.5
2,185.6
2,185.7
2,185.8
2,185.9
2,186.0
2,186.1
2,186.2
2,186.3
2,186.4
2,186.5
2,186.6
2,186.7
2,186.8
2,186.9
2,187.0
2,187.1
2,187.2
2,187.3
2,187.4
2,187.5
2,187.6
2,187.7
2,187.8
2,187.9
2,188.0
2,188.1
2,188.2
2,188.3
2,188.4
2,188.5
2,188.6
1,188.7
1,188.8
1,188.9
1,189.0
1,189.1
1,189.2
1,189.3
1,189.4
1,189.5
2,189.6
2,189.7
2,189.8
2,189.9
2,190.0
2,190.1
2,190.2
2,190.3
2,190.4
2,190.5
2,190.6
2,190.7
2,190.8
2,190.9
2,191.0
2,191.1
2,191.2
2,191.3
2,191.4
2,191.5
2,191.6
2,191.7
2,191.8
2,191.9
2,192.0
2,192.1
2,192.2
2,192.3
2,192.4
2,192.5
2,192.6
2,192.7
2,192.8
2,192.9
2,193.0
2,193.1
2,193.2
2,193.3
2,193.4
2,193.5
2,193.6
2,193.7
1,193.8
1,193.9
1,194.0
1,194.1
1,194.2
1,194.3
1,194.4
1,194.5
1,194.6
1,194.7
1,194.8
1,194.9
1,195.0
1,195.1
1,195.2
1,195.3
1,195.4
1,195.5
2,195.6
2,195.7
1,195.8
1,195.9
1,196.0
1,196.1
1,196.2
1,196.3
1,196.4
1,196.5
1,196.6
1,196.7
1,196.8
1,196.9
1,197.0
1,197.1
1,197.2
1,197.3
1,197.4
1,197.5
1,197.6
1,197.7
1,197.8
2,197.9
2,198.0
2,198.1
2,198.2
2,198.3
2,198.4
2,198.5
2,198.6
1,198.7
1,198.8
1,198.9
1,199.0
1,199.1
1,199.2
1,199.3
1,199.4
1,199.5
1,199.6
1,199.7
1,199.8
2,199.9
2,200.0
2,200.1
2,200.2
2,200.3
2,200.4
1,200.5
1,200.6
1,200.7
1,200.8
1,200.9
1,201.0
2,201.1
2,201.2
2,201.3
2,201.4
2,201.5
2,201.6
2,201.7
2,201.8
1,201.9
1,202.0
1,202.1
1,202.2
2,202.3
2,202.4
2,202.5
2,202.6
1,202.7
1,202.8
1,202.9
2,203.0
2,203.1
2,203.2
2,203.3
2,203.4
2,203.5
2,203.6
2,203.7
2,203.8
2,203.9
2,204.0
2,204.1
2,204.2
2,204.3
2,204.4
2,204.5
2,204.6
2,204.7
2,204.8
2,204.9
2,205.0
2,205.1
2,205.2
2,205.3
2,205.4
2,205.5
2,205.6
2,205.7
2,205.8
2,205.9
2,206.0
2,206.1
2,206.2
2,206.3
2,206.4
2,206.5
2,206.6
2,206.7
2,206.8
2,206.9
2,207.0
2,207.1
2,207.2
2,207.3
2,207.4
2,207.5
2,207.6
2,207.7
2,207.8
2,207.9
2,208.0
2,208.1
2,208.2
2,208.3
2,208.4
2,208.5
2,208.6
2,208.7
2,208.8
2,208.9
2,209.0
2,209.1
2,209.2
2,209.3
1,209.4
1,209.5
1,209.6
1,209.7
1,209.8
1,209.9
1,210.0
3,210.1
3,210.2
3,210.3
3,210.4
1,210.5
1,210.6
1,210.7
1,210.8
1,210.9
1,211.0
2,211.1
2,211.2
2,211.3
2,211.4
2,211.5
2,211.6
2,211.7
2,211.8
2,211.9
2,212.0
2,212.1
2,212.2
2,212.3
2,212.4
2,212.5
2,212.6
2,212.7
2,212.8
2,212.9
2,213.0
2,213.1
2,213.2
2,213.3
2,213.4
2,213.5
2,213.6
2,213.7
1,213.8
2,213.9
2,214.0
2,214.1
2,214.2
2,214.3
2,214.4
2,214.5
2,214.6
2,214.7
2,214.8
2,214.9
2,215.0
2,215.1
2,215.2
2,215.3
2,215.4
2,215.5
2,215.6
2,215.7
2,215.8
2,215.9
2,216.0
2,216.1
12,216.2
12,216.3
12,216.4
12,216.5
12,216.6
2,216.7
2,216.8
2,216.9
2,217.0
2,217.1
2,217.2
2,217.3
2,217.4
2,217.5
1,217.6
1,217.7
1,217.8
1,217.9
2,218.0
2,218.1
2,218.2
2,218.3
2,218.4
2,218.5
2,218.6
2,218.7
2,218.8
2,218.9
2,219.0
2,219.1
2,219.2
2,219.3
2,219.4
2,219.5
2,219.6
2,219.7
2,219.8
2,219.9
2,220.0
2,220.1
2,220.2
2,220.3
2,220.4
2,220.5
2,220.6
2,220.7
2,220.8
2,220.9
2,221.0
2,221.1
2,221.2
2,221.3
2,221.4
2,221.5
2,221.6
2,221.7
2,221.8
2,221.9
2,222.0
2,222.1
2,222.2
2,222.3
2,222.4
2,222.5
1,222.6
1,222.7
1,222.8
2,222.9
2,223.0
2,223.1
2,223.2
2,223.3
2,223.4
2,223.5
2,223.6
2,223.7
2,223.8
2,223.9
2,224.0
2,224.1
2,224.2
2,224.3
2,224.4
2,224.5
2,224.6
2,224.7
2,224.8
2,224.9
2,225.0
2,225.1
2,225.2
2,225.3
2,225.4
2,225.5
2,225.6
2,225.7
2,225.8
2,225.9
2,226.0
2,226.1
2,226.2
2,226.3
2,226.4
2,226.5
2,226.6
1,226.7
1,226.8
1,226.9
1,227.0
1,227.1
2,227.2
2,227.3
2,227.4
2,227.5
2,227.6
2,227.7
2,227.8
2,227.9
2,228.0
2,228.1
2,228.2
2,228.3
2,228.4
2,228.5
2,228.6
2,228.7
2,228.8
2,228.9
2,229.0
1,229.1
1,229.2
1,229.3
1,229.4
1,229.5
1,229.6
1,229.7
1,229.8
1,229.9
1,230.0
1,230.1
1,230.2
1,230.3
2,230.4
2,230.5
2,230.6
2,230.7
2,230.8
2,230.9
2,231.0
2,231.1
1,231.2
1,231.3
1,231.4
1,231.5
1,231.6
1,231.7
1,231.8
1,231.9
1,232.0
1,232.1
1,232.2
1,232.3
2,232.4
2,232.5
2,232.6
2,232.7
2,232.8
2,232.9
1,233.0
1,233.1
1,233.2
1,233.3
1,233.4
1,233.5
1,233.6
3,233.7
3,233.8
3,233.9
3,234.0
1,234.1
1,234.2
1,234.3
1,234.4
1,234.5
1,234.6
1,234.7
1,234.8
1,234.9
2,235.0
2,235.1
2,235.2
2,235.3
2,235.4
2,235.5
2,235.6
2,235.7
2,235.8
2,235.9
2,236.0
2,236.1
1,236.2
1,236.3
1,236.4
1,236.5
1,236.6
1,236.7
1,236.8
3,236.9
3,237.0
3,237.1
3,237.2
3,237.3
3,237.4
1,237.5
1,237.6
1,237.7
1,237.8
1,237.9
1,238.0
1,238.1
1,238.2
1,238.3
1,238.4
1,238.5
1,238.6
1,238.7
1,238.8
1,238.9
1,239.0
1,239.1
1,239.2
1,239.3
1,239.4
1,239.5
1,239.6
2,239.7
2,239.8
2,239.9
2,240.0
2,240.1
2,240.2
2,240.3
2,240.4
2,240.5
2,240.6
2,240.7
2,240.8
2,240.9
2,241.0
2,241.1
2,241.2
2,241.3
2,241.4
2,241.5
2,241.6
2,241.7
2,241.8
2,241.9
2,242.0
2,242.1
2,242.2
2,242.3
2,242.4
2,242.5
2,242.6
2,242.7
2,242.8
2,242.9
2,243.0
2,243.1
2,243.2
2,243.3
2,243.4
2,243.5
2,243.6
2,243.7
2,243.8
2,243.9
2,244.0
2,244.1
2,244.2
2,244.3
2,244.4
2,244.5
2,244.6
2,244.7
2,244.8
1,244.9
1,245.0
1,245.1
1,245.2
1,245.3
1,245.4
1,245.5
1,245.6
1,245.7
1,245.8
1,245.9
1,246.0
1,246.1
1,246.2
1,246.3
1,246.4
1,246.5
1,246.6
1,246.7
1,246.8
1,246.9
1,247.0
1,247.1
1,247.2
1,247.3
3,247.4
3,247.5
3,247.6
1,247.7
1,247.8
1,247.9
1,248.0
1,248.1
1,248.2
1,248.3
1,248.4
1,248.5
1,248.6
1,248.7
1,248.8
1,248.9
1,249.0
1,249.1
1,249.2
1,249.3
1,249.4
2,249.5
2,249.6
2,249.7
2,249.8
2,249.9
2,250.0
2,250.1
2,250.2
2,250.3
2,250.4
2,250.5
2,250.6
2,250.7
2,250.8
2,250.9
2,251.0
2,251.1
2,251.2
2,251.3
2,251.4
2,251.5
2,251.6
2,251.7
2,251.8
2,251.9
2,252.0
2,252.1
2,252.2
2,252.3
2,252.4
2,252.5
2,252.6
2,252.7
2,252.8
2,252.9
2,253.0
2,253.1
2,253.2
2,253.3
2,253.4
2,253.5
2,253.6
2,253.7
2,253.8
2,253.9
2,254.0
2,254.1
2,254.2
2,254.3
2,254.4
2,254.5
2,254.6
2,254.7
2,254.8
2,254.9
2,255.0
2,255.1
2,255.2
2,255.3
2,255.4
2,255.5
1,255.6
1,255.7
1,255.8
1,255.9
1,256.0
1,256.1
1,256.2
1,256.3
2,256.4
2,256.5
2,256.6
2,256.7
2,256.8
2,256.9
2,257.0
1,257.1
1,257.2
1,257.3
1,257.4
1,257.5
1,257.6
2,257.7
2,257.8
2,257.9
2,258.0
2,258.1
2,258.2
2,258.3
2,258.4
2,258.5
2,258.6
2,258.7
2,258.8
2,258.9
2,259.0
2,259.1
2,259.2
2,259.3
2,259.4
2,259.5
2,259.6
2,259.7
2,259.8
2,259.9
2,260.0
2,260.1
2,260.2
2,260.3
2,260.4
2,260.5
2,260.6
6,260.7
0,260.8
