x,Time
0,0.0
3,5.055
4,5.104
5,5.138
6,5.171
7,5.204
8,5.238
10,5.271
11,5.304
12,5.338
13,5.372
14,5.405
15,5.438
16,5.488
18,5.521
19,5.555
21,5.588
22,5.622
24,5.655
27,5.689
31,5.722
33,5.755
35,5.789
36,5.822
39,5.855
42,5.888
46,5.922
50,5.955
52,5.988
54,6.022
56,6.056
58,6.089
60,6.122
63,6.156
66,6.189
68,6.222
70,6.256
72,6.289
75,6.323
79,6.356
83,6.389
86,6.423
89,6.455
92,6.489
94,6.523
98,6.556
103,6.589
105,6.622
107,6.656
108,6.689
109,6.722
110,6.772
111,6.906
112,6.956
114,6.99
116,7.023
118,7.057
121,7.09
126,7.123
132,7.156
139,7.19
147,7.223
153,7.257
158,7.29
163,7.323
168,7.357
173,7.39
177,7.424
181,7.457
186,7.49
191,7.524
194,7.557
197,7.59
201,7.624
205,7.657
209,7.69
213,7.723
219,7.758
225,7.791
230,7.824
238,7.857
246,7.891
252,7.924
255,7.957
258,7.991
259,8.024
260,8.057
261,8.091
262,8.174
263,8.525
264,8.608
265,8.708
266,8.742
267,8.775
268,8.809
269,8.842
269,8.875
270,8.909
272,8.942
275,8.975
278,9.008
280,9.042
281,9.075
282,9.109
282,9.142
283,9.175
283,9.209
283,9.242
284,9.275
284,9.309
284,9.342
284,9.392
285,9.425
285,9.459
287,9.492
288,9.526
291,9.559
294,9.592
297,9.625
300,9.659
302,9.692
304,9.726
307,9.759
310,9.792
314,9.826
317,9.859
320,9.892
323,9.926
327,9.959
332,9.993
336,10.026
338,10.06
340,10.093
342,10.126
345,10.16
348,10.193
351,10.226
354,10.26
358,10.293
363,10.327
368,10.359
372,10.393
376,10.427
380,10.46
385,10.493
388,10.527
391,10.56
394,10.593
396,10.626
400,10.66
405,10.693
409,10.727
413,10.76
418,10.793
423,10.827
428,10.86
433,10.894
440,10.927
445,10.961
451,10.994
457,11.027
463,11.06
468,11.094
473,11.128
478,11.161
482,11.194
487,11.227
493,11.261
497,11.294
502,11.327
507,11.36
511,11.394
515,11.428
518,11.46
524,11.494
530,11.527
533,11.56
535,11.594
537,11.645
539,11.678
542,11.711
544,11.744
545,11.778
546,11.811
547,11.844
548,11.877
550,11.912
553,11.945
555,11.978
558,12.012
560,12.045
562,12.078
564,12.112
566,12.145
568,12.178
570,12.212
573,12.245
577,12.278
581,12.313
584,12.345
587,12.379
589,12.412
591,12.445
593,12.478
595,12.512
597,12.545
601,12.579
604,12.612
607,12.645
610,12.679
614,12.712
618,12.746
621,12.779
623,12.812
624,12.845
625,12.878
626,12.912
627,12.946
629,12.979
630,13.012
632,13.046
635,13.079
637,13.112
640,13.146
642,13.179
644,13.212
647,13.246
649,13.279
652,13.313
654,13.346
656,13.379
658,13.412
660,13.446
662,13.479
665,13.513
668,13.546
671,13.579
674,13.613
677,13.646
680,13.68
684,13.713
688,13.747
690,13.78
691,13.813
693,13.846
696,13.88
700,13.913
705,13.947
710,13.98
714,14.014
719,14.047
725,14.08
732,14.113
737,14.147
743,14.18
746,14.213
749,14.247
754,14.28
760,14.314
764,14.347
767,14.38
769,14.414
770,14.464
771,14.497
774,14.53
777,14.564
778,14.597
779,14.631
781,14.664
785,14.697
787,14.73
788,14.764
790,14.797
794,14.83
801,14.864
808,14.897
815,14.931
820,14.964
826,14.998
833,15.031
838,15.064
844,15.098
851,15.132
859,15.165
869,15.199
881,15.232
893,15.264
905,15.298
912,15.33
923,15.365
931,15.398
939,15.432
947,15.464
957,15.498
964,15.532
971,15.565
977,15.598
983,15.632
989,15.665
994,15.698
996,15.732
998,15.765
1000,15.798
1001,15.832
1002,15.865
1002,15.898
1002,15.932
1003,15.965
1001,15.999
1001,16.032
1001,16.065
1001,16.099
1001,16.132
1001,16.165
1001,16.198
1001,16.232
1001,16.266
1001,16.299
999,16.332
998,16.365
997,16.399
997,16.432
999,16.499
1004,16.533
1009,16.566
1013,16.599
1016,16.632
1019,16.666
1024,16.699
1030,16.733
1037,16.766
1046,16.799
1050,16.833
1055,16.866
1060,16.899
1064,16.933
1067,16.966
1071,17.0
1076,17.033
1081,17.066
1084,17.099
1086,17.133
1088,17.167
1090,17.199
1092,17.233
1096,17.267
1101,17.3
1104,17.333
1108,17.367
1113,17.4
1117,17.433
1119,17.467
1122,17.5
1126,17.533
1131,17.567
1135,17.6
1139,17.634
1142,17.667
1148,17.7
1153,17.734
1156,17.767
1161,17.8
1168,17.834
1172,17.867
1176,17.9
1181,17.934
1185,17.967
1190,18.0
1194,18.034
1201,18.067
1207,18.1
1212,18.134
1219,18.167
1225,18.201
1230,18.234
1236,18.267
1242,18.301
1247,18.334
1252,18.367
1257,18.401
1261,18.434
1265,18.467
1269,18.501
1276,18.534
1281,18.568
1285,18.601
1289,18.635
1294,18.668
1298,18.701
1303,18.735
1309,18.769
1315,18.801
1322,18.835
1328,18.868
1332,18.901
1337,18.935
1342,18.968
1349,19.002
1355,19.036
1363,19.068
1371,19.102
1381,19.135
1390,19.168
1397,19.202
1404,19.235
1409,19.269
1414,19.302
1418,19.335
1420,19.368
1422,19.402
1425,19.435
1426,19.468
1428,19.502
1431,19.535
1435,19.569
1437,19.602
1439,19.635
1440,19.669
1441,19.702
1441,19.736
1442,19.769
1443,19.802
1445,19.835
1447,19.869
1449,19.902
1451,19.936
1453,19.969
1454,20.003
1454,20.036
1455,20.07
1457,20.102
1460,20.136
1461,20.169
1462,20.202
1463,20.236
1464,20.319
1464,20.421
1464,20.486
1464,20.52
1464,20.553
1464,20.603
1464,20.72
1464,20.787
1464,20.82
1464,20.853
1464,20.887
1464,20.92
1464,20.954
1464,20.987
1464,21.02
1464,21.053
1464,21.086
1464,21.12
1464,21.153
1464,21.187
1464,21.22
1464,21.254
1464,21.287
1464,21.337
1465,21.37
1465,21.42
1466,21.454
1466,21.487
1466,21.52
1467,21.554
1467,21.588
1467,21.621
1467,21.655
1468,21.687
1468,21.722
1468,21.754
1469,21.787
1469,21.821
1471,21.904
1473,21.938
1475,21.972
1476,22.005
1477,22.038
1478,22.071
1480,22.104
1480,22.138
1481,22.171
1482,22.204
1482,22.238
1482,22.289
1483,22.322
1483,22.355
1483,22.422
1483,22.488
1483,22.522
1483,22.555
1483,22.588
1483,22.622
1483,22.655
1483,22.688
1483,22.722
1483,22.755
1483,22.788
1483,22.839
1483,22.872
1483,22.905
1483,22.939
1483,22.972
1483,23.072
1483,23.139
1483,23.239
1483,23.272
1483,23.306
1483,23.339
1483,23.372
1483,23.422
1483,23.49
1483,23.539
1483,23.606
1483,23.673
1483,23.707
1483,23.756
1483,23.856
1483,24.307
1483,24.54
1482,26.375
1482,27.877
1482,27.91
1482,27.944
1482,27.978
1482,28.01
1482,28.044
1482,28.077
1482,28.11
1482,28.144
1481,28.177
1481,28.21
1481,28.244
1480,28.277
1480,28.311
1480,28.344
1479,28.377
1479,28.411
1478,28.445
1478,28.478
1476,28.511
1475,28.545
1474,28.578
1474,28.611
1473,28.644
1472,28.678
1472,28.711
1471,28.745
1469,28.778
1468,28.812
1467,28.845
1466,28.878
1465,28.911
1459,28.945
1457,28.979
1455,29.012
1454,29.062
1455,29.228
1455,29.395
1455,29.428
1455,29.462
1455,29.496
1454,29.528
1453,29.596
1452,29.646
1451,29.712
1450,29.829
1449,29.946
1448,29.979
1447,30.012
1446,30.046
1445,30.08
1444,30.13
1444,30.196
1444,30.313
1444,30.346
1444,30.379
1444,30.413
1444,30.446
1444,30.479
1444,30.513
1444,30.546
1444,30.58
1444,30.613
1444,30.647
1444,30.681
1444,30.714
1444,30.747
1444,30.78
1444,30.813
1444,30.846
1444,30.88
1444,30.913
1444,30.947
1444,30.981
1443,31.013
1443,31.047
1443,31.081
1443,31.113
1442,31.163
1441,31.28
1440,31.314
1438,31.347
1437,31.38
1436,31.43
1435,31.464
1434,31.497
1433,31.53
1432,31.564
1431,31.647
1430,31.764
1429,31.864
1428,32.115
1427,32.214
1426,32.282
1425,32.314
1424,32.348
1423,32.381
1421,32.415
1418,32.482
1414,32.515
1413,32.565
1412,32.632
1412,32.915
1412,32.949
1412,32.982
1413,33.016
1413,33.049
1413,33.082
1414,33.115
1414,33.149
1414,33.182
1414,33.215
1414,33.25
1414,33.283
1414,33.316
1414,33.349
1414,33.383
1414,33.416
1414,33.449
1413,33.482
1413,33.516
1413,33.55
1413,33.583
1412,33.616
1412,33.65
1412,33.683
1412,33.716
1412,33.749
1412,33.783
1412,33.817
1411,33.849
1411,33.883
1411,33.916
1411,33.95
1411,33.983
1410,34.016
1409,34.05
1409,34.083
1408,34.117
1408,34.15
1408,34.2
1407,34.233
1407,34.3
1406,34.333
1405,34.501
1404,34.533
1403,34.568
1402,34.6
1401,34.634
1400,34.684
1399,34.734
1398,34.767
1397,34.8
1396,34.834
1395,34.884
1394,35.018
1394,35.134
1393,35.168
1393,35.468
1393,35.518
1393,35.552
1393,35.584
1392,35.618
1392,35.652
1391,35.685
1391,35.718
1391,35.752
1390,35.785
1390,35.818
1390,35.851
1389,35.885
1388,35.935
1387,35.969
1386,36.002
1386,36.036
1385,36.069
1385,36.102
1384,36.135
1383,36.185
1382,36.252
1381,36.285
1380,36.319
1379,36.352
1378,36.385
1377,36.419
1376,36.469
1375,36.569
1375,36.619
1375,36.653
1374,36.686
1374,36.719
1373,36.752
1373,36.786
1372,36.819
1372,36.853
1372,36.919
1372,37.019
1372,37.136
1371,37.17
1371,37.203
1370,37.236
1369,37.27
1367,37.303
1366,37.336
1364,37.37
1362,37.403
1361,37.437
1360,37.47
1358,37.503
1357,37.537
1356,37.57
1355,37.604
1353,37.637
1351,37.67
1349,37.704
1348,37.737
1347,37.771
1346,37.803
1345,37.837
1344,37.87
1343,37.904
1342,37.937
1341,37.97
1340,38.037
1339,38.071
1335,38.104
1331,38.137
1329,38.17
1328,38.204
1327,38.237
1327,38.271
1326,38.305
1325,38.404
1324,38.437
1323,38.471
1322,38.504
1322,38.538
1321,38.588
1321,38.622
1321,38.655
1321,38.688
1321,38.721
1321,38.754
1321,38.788
1321,38.822
1321,38.854
1321,38.888
1321,38.922
1321,38.972
1321,39.005
1320,39.038
1319,39.138
1317,39.172
1315,39.205
1314,39.238
1312,39.272
1311,39.305
1309,39.339
1308,39.372
1307,39.405
1306,39.439
1304,39.472
1303,39.506
1301,39.539
1300,39.589
1300,39.622
1299,39.655
1298,39.689
1294,39.722
1291,39.756
1289,39.789
1287,39.822
1286,39.855
1285,39.889
1283,39.922
1282,39.956
1282,39.989
1281,40.022
1281,40.056
1280,40.089
1280,40.139
1279,40.172
1279,40.206
1275,40.239
1272,40.272
1269,40.307
1262,40.339
1257,40.373
1255,40.406
1253,40.44
1251,40.473
1249,40.506
1246,40.54
1240,40.573
1233,40.606
1229,40.64
1227,40.673
1221,40.706
1217,40.74
1214,40.773
1205,40.806
1196,40.84
1190,40.873
1186,40.906
1184,40.94
1180,40.973
1177,41.007
1173,41.04
1169,41.073
1165,41.107
1162,41.14
1158,41.173
1156,41.207
1153,41.241
1149,41.274
1146,41.307
1144,41.34
1143,41.374
1142,41.424
1142,41.457
1142,41.49
1142,41.524
1141,41.557
1141,41.592
1140,41.624
1140,41.658
1139,41.691
1138,41.724
1137,41.758
1134,41.791
1129,41.824
1126,41.858
1124,41.892
1123,41.924
1122,41.958
1120,41.991
1116,42.024
1113,42.058
1111,42.091
1109,42.125
1108,42.158
1107,42.192
1106,42.225
1105,42.258
1103,42.292
1100,42.325
1098,42.358
1094,42.392
1088,42.425
1083,42.458
1080,42.492
1079,42.525
1078,42.559
1077,42.592
1076,42.625
1075,42.658
1074,42.692
1073,42.725
1072,42.759
1070,42.792
1067,42.825
1065,42.858
1062,42.892
1060,42.925
1057,42.959
1055,42.992
1052,43.025
1051,43.059
1047,43.092
1042,43.126
1038,43.159
1036,43.192
1035,43.225
1034,43.259
1032,43.293
1030,43.326
1028,43.359
1026,43.392
1023,43.426
1021,43.459
1020,43.492
1019,43.526
1017,43.559
1015,43.593
1013,43.626
1011,43.659
1006,43.693
1001,43.726
994,43.759
988,43.793
980,43.826
974,43.859
970,43.893
965,43.927
961,43.96
955,43.993
951,44.027
947,44.06
943,44.093
938,44.127
933,44.16
929,44.193
926,44.227
923,44.26
921,44.293
917,44.327
913,44.36
909,44.393
906,44.427
900,44.46
896,44.493
893,44.527
889,44.56
886,44.594
884,44.627
880,44.66
877,44.694
874,44.727
872,44.76
868,44.794
864,44.827
859,44.86
856,44.895
852,44.928
847,44.961
843,44.994
839,45.027
835,45.061
831,45.094
826,45.128
823,45.162
819,45.194
814,45.228
810,45.261
805,45.294
801,45.328
796,45.361
792,45.395
787,45.428
782,45.461
776,45.495
770,45.528
764,45.562
755,45.595
747,45.628
741,45.662
732,45.695
724,45.728
715,45.762
708,45.795
701,45.829
694,45.862
687,45.895
679,45.928
671,45.962
665,45.995
657,46.028
651,46.062
643,46.095
636,46.128
629,46.162
624,46.195
620,46.229
615,46.262
610,46.295
606,46.329
601,46.362
595,46.396
590,46.429
588,46.462
584,46.496
581,46.529
578,46.562
576,46.596
573,46.629
571,46.662
569,46.696
568,46.729
567,46.763
567,46.796
566,46.829
565,46.862
565,46.896
564,46.929
563,46.963
562,46.996
561,47.029
560,47.063
558,47.096
556,47.13
554,47.163
552,47.196
551,47.23
549,47.263
547,47.296
545,47.33
543,47.363
542,47.396
540,47.43
539,47.463
538,47.497
537,47.53
535,47.563
534,47.597
531,47.63
529,47.663
526,47.697
523,47.73
521,47.763
520,47.797
519,47.83
518,47.864
517,47.897
516,47.964
516,48.014
515,48.047
515,48.081
514,48.114
514,48.148
514,48.181
514,48.214
514,48.247
514,48.298
514,48.397
514,48.514
513,48.548
512,48.582
512,48.614
510,48.648
509,48.681
508,48.715
507,48.748
506,48.781
505,48.814
505,48.848
504,48.882
504,48.914
504,48.948
504,48.982
503,49.015
503,49.048
503,49.082
502,49.115
501,49.148
500,49.182
499,49.215
499,49.248
498,49.282
497,49.315
497,49.349
496,49.382
496,49.415
495,49.448
495,49.482
494,49.515
494,49.548
494,49.582
494,49.616
493,49.649
493,49.682
493,49.715
492,49.749
492,49.782
491,49.815
490,49.849
488,49.882
486,49.916
484,49.95
482,49.983
481,50.016
480,50.049
479,50.083
478,50.116
477,50.149
477,50.182
477,50.216
478,50.249
478,50.282
478,50.316
480,50.349
482,50.383
483,50.416
484,50.45
485,50.483
486,50.516
487,50.55
488,50.583
489,50.616
490,50.65
490,50.683
491,50.716
491,50.75
492,50.784
492,50.817
492,50.85
492,50.883
491,50.917
490,50.95
489,50.984
488,51.017
487,51.05
487,51.084
486,51.117
486,51.15
486,51.183
486,51.217
486,51.25
486,51.283
486,51.317
486,51.35
486,51.384
487,51.417
488,51.451
489,51.484
491,51.517
492,51.55
493,51.584
494,51.617
494,51.651
495,51.684
495,51.717
495,51.751
496,51.784
496,51.818
497,51.851
497,51.884
498,51.917
499,51.951
499,51.985
499,52.018
500,52.051
500,52.085
501,52.118
501,52.151
502,52.185
503,52.218
505,52.252
506,52.284
508,52.318
511,52.351
513,52.385
515,52.418
517,52.452
518,52.485
520,52.518
523,52.552
525,52.585
528,52.619
530,52.652
531,52.685
533,52.718
534,52.752
535,52.785
536,52.819
537,52.852
537,52.885
538,52.919
539,52.952
539,53.002
539,53.053
540,53.085
540,53.12
541,53.153
541,53.219
542,53.253
542,53.286
542,53.336
543,53.369
544,53.469
545,53.519
546,53.586
547,53.636
548,53.669
549,53.703
551,53.736
552,53.77
553,53.803
554,53.836
554,53.87
555,53.903
555,53.936
555,53.97
556,54.003
556,54.036
556,54.071
556,54.104
557,54.137
557,54.17
557,54.204
557,54.237
558,54.287
558,54.32
558,54.354
559,54.387
560,54.421
561,54.454
562,54.487
563,54.52
564,54.554
565,54.587
566,54.62
566,54.654
567,54.687
568,54.72
568,54.754
569,54.787
569,54.804
